,precision,recall,f1-score,support
Unbiased,0.7456637168141593,0.8166311300639659,0.7795355722083449,5159.0
Biased,0.782528735632184,0.7031605040280934,0.7407246219127407,4841.0
accuracy,0.7617,0.7617,0.7617,0.7617
macro avg,0.7640962262231716,0.7598958170460297,0.7601300970605428,10000.0
weighted avg,0.763510072423965,0.7617,0.7607471911702429,10000.0
