,precision,recall,f1-score,support
Unbiased,0.7952784950202877,0.835820895522388,0.8150458368774218,5159.0
Biased,0.8149847094801224,0.7707085312951869,0.7922284743603355,4841.0
accuracy,0.8043,0.8043,0.8043,0.8043
macro avg,0.8051316022502051,0.8032647134087875,0.8036371556188786,10000.0
weighted avg,0.8048182734402937,0.8043,0.8039999516829003,10000.0
