,precision,recall,f1-score,support
Unbiased,0.7840737951807228,0.8073270013568521,0.7955305128450004,5159.0
Biased,0.7879692832764505,0.7630654823383598,0.7753174519886662,4841.0
accuracy,0.7859,0.7859,0.7859,0.7859
macro avg,0.7860215392285868,0.785196241847606,0.7854239824168333,10000.0
weighted avg,0.7859596009678647,0.7859,0.785745370084449,10000.0
