,precision,recall,f1-score,support
Unbiased,0.7924803796313196,0.8416359759643341,0.816318856927994,5159.0
Biased,0.8192877681928776,0.7651311712456104,0.7912839136936552,4841.0
accuracy,0.8046,0.8046,0.8046,0.8046
macro avg,0.8058840739120986,0.8033835736049723,0.8038013853108246,10000.0
weighted avg,0.8054578364339698,0.8046,0.8041994409082506,10000.0
