,precision,recall,f1-score,support
0,0.8267581475128645,0.840860631905408,0.8337497597539881,5159.0
1,0.8272669892699348,0.8122288783309234,0.8196789660204294,4841.0
accuracy,0.827,0.827,0.827,0.827
macro avg,0.8270125683913996,0.8265447551181657,0.8267143628872088,10000.0
weighted avg,0.8270044778074622,0.827,0.8269380885075723,10000.0
