,precision,recall,f1-score,support
0,0.8095329988421459,0.8131420817987982,0.8113335267382265,5159.0
1,0.7999169779991698,0.7961165048543689,0.7980122165855679,4841.0
accuracy,0.8049,0.8049,0.8049,0.8049
macro avg,0.8047249884206579,0.8046292933265835,0.8046728716618972,10000.0
weighted avg,0.8048778831520612,0.8049,0.8048846804933244,10000.0

Best Parameters:
{'C': 0.01}

Classification Report:

              precision    recall  f1-score   support

      Biased       0.81      0.81      0.81      5159
    Unbiased       0.80      0.80      0.80      4841

    accuracy                           0.80     10000
   macro avg       0.80      0.80      0.80     10000
weighted avg       0.80      0.80      0.80     10000