,precision,recall,f1-score,support
0,0.8344867358708189,0.8414421399496026,0.837950004825789,5159.0
1,0.8295122967903293,0.8221441850857261,0.8258118062039631,4841.0
accuracy,0.8321,0.8321,0.8321,0.8321
macro avg,0.8319995163305741,0.8317931625176643,0.831880905514876,10000.0
weighted avg,0.8320786099119539,0.8321,0.8320739028729631,10000.0
