,precision,recall,f1-score,support
0,0.8261786124952089,0.8356270595076565,0.8308759757155247,5159.0
1,0.822668339606859,0.8126420161123735,0.8176244414423777,4841.0
accuracy,0.8245,0.8245,0.8245,0.8245
macro avg,0.8244234760510339,0.824134537810015,0.8242502085789511,10000.0
weighted avg,0.8244792893899586,0.8245,0.8244609079738943,10000.0
