,precision,recall,f1-score,support
0,0.8335253456221198,0.8414421399496026,0.8374650332786727,5159.0
1,0.8292988313856428,0.8209047717413758,0.825080452610817,4841.0
accuracy,0.8315,0.8315,0.8315,0.8315
macro avg,0.8314120885038813,0.8311734558454892,0.8312727429447448,10000.0
weighted avg,0.8314792900802414,0.8315,0.8314696577773637,10000.0
