,precision,recall,f1-score,support
Unbiased,0.8299203640500569,0.8484202364799379,0.8390683408415605,5159.0
Biased,0.8345323741007195,0.8147077050196241,0.824500888470785,4841.0
accuracy,0.8321,0.8321,0.8321,0.8321
macro avg,0.8322263690753882,0.8315639707497811,0.8317846146561727,10000.0
weighted avg,0.8321530381155826,0.8321,0.8320162371488681,10000.0
