,precision,recall,f1-score,support
Unbiased,0.8291115311909263,0.8501647606125218,0.8395061728395061,5159.0
Biased,0.8358811040339703,0.8132617227845487,0.8244162914878024,4841.0
accuracy,0.8323,0.8323,0.8323,0.8323
macro avg,0.8324963176124482,0.8317132416985352,0.8319612321636543,10000.0
weighted avg,0.8323886814042438,0.8323,0.8322011612771465,10000.0
