,precision,recall,f1-score,support
Unbiased,0.8157992565055762,0.8507462686567164,0.8329063478508397,5159.0
Biased,0.8333333333333334,0.7952902292914688,0.8138674558714724,4841.0
accuracy,0.8239,0.8239,0.8239,0.8239
macro avg,0.8245662949194548,0.8230182489740926,0.823386901861156,10000.0
weighted avg,0.8242875030978936,0.8239,0.8236896202436279,10000.0
