,precision,recall,f1-score,support
Unbiased,0.8217579521927348,0.8462880403178911,0.833842627960275,5159.0
Biased,0.8308086195860892,0.8043792604833712,0.8173803526448362,4841.0
accuracy,0.826,0.826,0.826,0.826
macro avg,0.826283285889412,0.8253336504006311,0.8256114903025555,10000.0
weighted avg,0.8261393802778577,0.826,0.825873240480071,10000.0
