,precision,recall,f1-score,support
Unbiased,0.8281887012230634,0.8269044388447373,0.8275460717749757,5159.0
Biased,0.8158383171787997,0.8171865317083248,0.8165118679050568,4841.0
accuracy,0.8222,0.8222,0.8222,0.8222
macro avg,0.8220135092009315,0.8220454852765311,0.8220289698400163,10000.0
weighted avg,0.8222098803072353,0.8222,0.8222044136815481,10000.0
