,precision,recall,f1-score,support
Unbiased,0.825452422650321,0.8222523744911805,0.8238492911244902,5159.0
Biased,0.8113556881300144,0.8147077050196241,0.8130282415996701,4841.0
accuracy,0.8186,0.8186,0.8186,0.8186
macro avg,0.8184040553901677,0.8184800397554023,0.8184387663620802,10000.0
weighted avg,0.8186281934690406,0.8186,0.8186108210495248,10000.0
