,precision,recall,f1-score,support
Unbiased,0.8170237405906196,0.8205078503585966,0.8187620889748549,5159.0
Biased,0.8078439510271841,0.8041726915926461,0.8060041407867495,4841.0
accuracy,0.8126,0.8126,0.8126,0.8126
macro avg,0.8124338458089018,0.8123402709756213,0.8123831148808023,10000.0
weighted avg,0.8125798044629604,0.8126,0.8125859662569932,10000.0
