,precision,recall,f1-score,support
Unbiased,0.8216572870172715,0.8207016863733282,0.8211792086889061,5159.0
Biased,0.8091603053435115,0.8101631894236728,0.8096614368290669,4841.0
accuracy,0.8156,0.8156,0.8156,0.8156
macro avg,0.8154087961803915,0.8154324378985005,0.8154203227589865,10000.0
weighted avg,0.8156074981890042,0.8156,0.815603455331558,10000.0
