,precision,recall,f1-score,support
Unbiased,0.8149300155520995,0.8125605737546036,0.813743569834029,5159.0
Biased,0.8008649093904449,0.8033464160297459,0.8021037434258018,4841.0
accuracy,0.8081,0.8081,0.8081,0.8081
macro avg,0.8078974624712723,0.8079534948921747,0.8079236566299154,10000.0
weighted avg,0.8081210976592426,0.8081,0.8081087298698062,10000.0
