,precision,recall,f1-score,support
Unbiased,0.8198522447433226,0.8389222717580926,0.82927763939452,5159.0
Biased,0.8239779707689049,0.803552984920471,0.8136373143693788,4841.0
accuracy,0.8218,0.8218,0.8218,0.8218
macro avg,0.8219151077561138,0.8212376283392818,0.8214574768819494,10000.0
weighted avg,0.821849508712307,0.8218,0.8217061580498491,10000.0
