,precision,recall,f1-score,support
Unbiased,0.8105871029836381,0.8162434580345028,0.8134054471701758,5159.0
Biased,0.8027055150884496,0.7967362115265441,0.7997097242380261,4841.0
accuracy,0.8068,0.8068,0.8068,0.8068
macro avg,0.8066463090360438,0.8064898347805234,0.806557585704101,10000.0
weighted avg,0.8067716262835772,0.8068,0.8067753476987222,10000.0
