,precision,recall,f1-score,support
Unbiased,0.8325431443201213,0.850940104671448,0.8416411042944786,5159.0
Biased,0.8373175375502433,0.8175996694897748,0.8273411371237458,4841.0
accuracy,0.8348,0.8348,0.8348,0.8348
macro avg,0.8349303409351823,0.8342698870806113,0.8344911207091121,10000.0
weighted avg,0.8348544280828233,0.8348,0.834718490187127,10000.0
