,precision,recall,f1-score,support
Unbiased,0.8189607003166325,0.8522969567745687,0.8352963525835866,5159.0
Biased,0.8354567048153746,0.7992150382152448,0.8169341216216216,4841.0
accuracy,0.8266,0.8266,0.8266,0.8266
macro avg,0.8272087025660035,0.8257559974949067,0.8261152371026041,10000.0
weighted avg,0.8269464160944735,0.8266,0.8264071965748994,10000.0
