,precision,recall,f1-score,support
Unbiased,0.8312523647370412,0.8517154487303741,0.8413595021541408,5159.0
Biased,0.8377174374204497,0.8157405494732494,0.8265829408686551,4841.0
accuracy,0.8343,0.8343,0.8343,0.8343
macro avg,0.8344849010787454,0.8337279991018117,0.8339712215113979,10000.0
weighted avg,0.8343821064230793,0.8343,0.8342061688358372,10000.0
