,precision,recall,f1-score,support
Unbiased,0.8174412145898907,0.8557860050397363,0.8361742424242424,5159.0
Biased,0.8382257012393999,0.796323073745094,0.8167372881355932,4841.0
accuracy,0.827,0.827,0.827,0.827
macro avg,0.8278334579146454,0.8260545393924152,0.8264557652799178,10000.0
weighted avg,0.8275029845769181,0.827,0.8267648128531073,10000.0
