,precision,recall,f1-score,support
Unbiased,0.7529411764705882,0.8187633262260128,0.7844739530132788,5159.0
Biased,0.7870159453302962,0.7136955174550713,0.7485646192178529,4841.0
accuracy,0.7679,0.7679,0.7679,0.7679
macro avg,0.7699785609004421,0.7662294218405421,0.7665192861155659,10000.0
weighted avg,0.7694367720755728,0.7679,0.7670902445229132,10000.0
