,precision,recall,f1-score,support
Unbiased,0.796408282939344,0.8424113200232604,0.8187641296156745,5159.0
Biased,0.8210433634162447,0.7705019624044619,0.7949701619778347,4841.0
accuracy,0.8076,0.8076,0.8076,0.8076
macro avg,0.8087258231777943,0.8064566412138612,0.8068671457967546,10000.0
weighted avg,0.8083341253982117,0.8076,0.8072454698821963,10000.0
