,precision,recall,f1-score,support
Unbiased,0.7990005552470849,0.8367900755960458,0.8174588146184435,5159.0
Biased,0.816837067652817,0.7756661846725883,0.7957194320830685,4841.0
accuracy,0.8072,0.8072,0.8072,0.8072
macro avg,0.8079188114499509,0.806228130134317,0.806589123350756,10000.0
weighted avg,0.8076352109026999,0.8072,0.8069347795330685,10000.0
