,precision,recall,f1-score,support
Unbiased,0.7794358507734304,0.8301996510951735,0.8040172705087291,5159.0
Biased,0.8055493895671476,0.7496385044412311,0.7765889150438691,4841.0
accuracy,0.7912,0.7912,0.7912,0.7912
macro avg,0.792492620170289,0.7899190777682024,0.7903030927762991,10000.0
weighted avg,0.7920774149034688,0.7912,0.7907392036281904,10000.0
