,precision,recall,f1-score,support
Unbiased,0.809080547112462,0.8255475867416165,0.8172311234769261,5159.0
Biased,0.8099662162162162,0.7923982648213179,0.8010859350527305,4841.0
accuracy,0.8095,0.8095,0.8095,0.8095
macro avg,0.8095233816643391,0.8089729257814673,0.8091585292648282,10000.0
weighted avg,0.8095092995255895,0.8095,0.8094152377607731,10000.0
