,precision,recall,f1-score,support
Unbiased,0.8166730255627623,0.8298119790657104,0.8231900778771272,5159.0
Biased,0.8154686843211434,0.8014872960132204,0.808417543494114,4841.0
accuracy,0.8161,0.8161,0.8161,0.8161
macro avg,0.8160708549419529,0.8156496375394654,0.8158038106856206,10000.0
weighted avg,0.8160900039676946,0.8161,0.8160386939823105,10000.0
