,precision,recall,f1-score,support
Unbiased,0.8281004709576139,0.8179879821670867,0.8230131643100926,5159.0
Biased,0.8085236541598695,0.8190456517248502,0.8137506413545408,4841.0
accuracy,0.8185,0.8185,0.8185,0.8185
macro avg,0.8183120625587417,0.8185168169459685,0.8183819028323167,10000.0
weighted avg,0.8186233339458259,0.8185,0.81852917694731,10000.0
