,precision,recall,f1-score,support
Unbiased,0.8269119070667957,0.8278736189183951,0.8273924835335141,5159.0
Biased,0.8163391933815926,0.8153274116917992,0.815832988838363,4841.0
accuracy,0.8218,0.8218,0.8218,0.8218
macro avg,0.8216255502241941,0.8216005153050971,0.8216127361859386,10000.0
weighted avg,0.8217936563717889,0.8218,0.8217965321515914,10000.0
