,precision,recall,f1-score,support
Unbiased,0.8151051625239005,0.8263229308005428,0.8206757146982385,5159.0
Biased,0.8121593291404612,0.80024788266887,0.8061596087816044,4841.0
accuracy,0.8137,0.8137,0.8137,0.8137
macro avg,0.8136322458321809,0.8132854067347064,0.8134176617399215,10000.0
weighted avg,0.8136790845829776,0.8137,0.813648467823996,10000.0
